date,volume,open,high,low,close,MACD,RSI
2020-08-07,559766.29456985,0.71555,0.98999,0.71033,0.71065,0.0,
2020-08-08,321412.4,0.71097,0.71226,0.71043,0.71118,0.0,
2020-08-09,354880.8,0.71119,0.71226,0.71025,0.7112,0.0,
2020-08-10,294192.0,0.71142,0.71357,0.70869,0.71139,0.0,
2020-08-11,390656.1,0.71134,0.71452,0.70578,0.707,-0.0,
2020-08-12,273558.2,0.707,0.70992,0.70316,0.70828,-0.0,
2020-08-13,356234.9,0.70864,0.71142,0.69847,0.7,-0.0,
2020-08-14,463364.2,0.69886,0.71114,0.69784,0.70999,-0.0,
2020-08-15,314855.0,0.71,0.71154,0.70955,0.71154,-0.0,
2020-08-16,243555.4,0.71062,0.71189,0.70972,0.71126,-0.0,
2020-08-17,590664.7,0.71189,0.71611,0.71066,0.71449,0.0,
2020-08-18,422190.8,0.71449,0.7197,0.7143,0.71863,0.0,
2020-08-19,537997.2,0.71932,0.7195,0.71,0.71096,0.0,
2020-08-20,296425.1,0.71096,0.71292,0.70618,0.71237,0.0,
2020-08-21,262565.1,0.71226,0.71333,0.70639,0.70863,0.0,47.84
2020-08-22,274580.0,0.70863,0.70918,0.70793,0.70795,0.0,46.55
2020-08-23,241084.4,0.70795,0.70953,0.70773,0.70866,-0.0,47.33
2020-08-24,249319.1,0.70767,0.713,0.70767,0.70854,-0.0,47.0
2020-08-25,425910.3,0.70865,0.71241,0.70793,0.71215,-0.0,55.52
2020-08-26,292853.4,0.71165,0.71661,0.71101,0.71626,0.0,58.06
2020-08-27,209198.0,0.71664,0.72224,0.71438,0.72119,0.0,72.95
2020-08-28,256058.5,0.72,0.72909,0.71784,0.72871,0.0,71.42
2020-08-29,303187.3,0.72819,0.7293,0.72779,0.72865,0.0,70.27
2020-08-30,340876.7,0.72817,0.72977,0.72762,0.7285,0.0,70.48
2020-08-31,469513.4,0.72968,0.73163,0.72644,0.72947,0.0,68.81
2020-09-01,649870.8,0.72985,0.73402,0.72738,0.73,0.0,65.7
2020-09-02,897710.6,0.72961,0.73,0.72255,0.72465,0.0,70.2
2020-09-03,874552.2,0.72465,0.72517,0.71499,0.71499,0.0,53.11
2020-09-04,753856.8,0.71426,0.7197,0.71048,0.715,0.0,58.29
2020-09-05,573064.1,0.71525,0.71755,0.71525,0.7167,0.0,61.1
2020-09-06,377196.2,0.71709,0.71759,0.71606,0.71674,0.0,60.42
2020-09-07,377848.0,0.71718,0.718,0.71426,0.71544,0.0,58.64
2020-09-08,421703.4,0.71544,0.7177,0.70683,0.70886,0.0,46.17
2020-09-09,326801.9,0.70844,0.71614,0.70787,0.71433,0.0,47.82
2020-09-10,551180.7,0.71429,0.7207,0.7136,0.71467,0.0,41.78
2020-09-11,324018.9,0.71467,0.719,0.71466,0.717,0.0,33.02
2020-09-12,255999.4,0.71617,0.71816,0.71616,0.71795,0.0,34.88
2020-09-13,316294.8,0.71677,0.71845,0.7159,0.71676,0.0,33.88
2020-09-14,384351.5,0.71676,0.72046,0.7154,0.71891,0.0,35.96
2020-09-15,301948.6,0.71893,0.72502,0.71686,0.71987,0.0,36.68
2020-09-16,420011.7,0.71942,0.728,0.71901,0.72293,0.0,47.59
2020-09-17,423519.6,0.72196,0.7265,0.71885,0.7265,0.0,69.41
2020-09-18,1131565.0,0.7265,0.728,0.72183,0.72329,0.0,62.62
2020-09-19,298523.5,0.72333,0.72753,0.7221,0.72325,0.0,60.5
2020-09-20,201860.2,0.72249,0.72381,0.72211,0.72289,0.0,59.76
2020-09-21,358858.5,0.72278,0.7261,0.71396,0.71748,0.0,52.86
2020-09-22,325042.9,0.71742,0.71759,0.71023,0.71039,0.0,52.12
2020-09-23,295698.0,0.71288,0.71289,0.70177,0.70199,-0.0,34.2
2020-09-24,392030.7,0.70247,0.70376,0.6977,0.7008,-0.0,32.62
2020-09-25,307410.6,0.70153,0.70368,0.69621,0.69801,-0.0,26.48
2020-09-26,199922.7,0.6985,0.69905,0.69736,0.69801,-0.0,24.71
2020-09-27,234342.2,0.69803,0.70014,0.69775,0.69952,-0.0,28.31
2020-09-28,455348.3,0.70013,0.705,0.69428,0.705,-0.0,33.85
2020-09-29,332701.7,0.70491,0.7102,0.70335,0.70998,-0.0,39.5
2020-09-30,307303.3,0.71028,0.71329,0.70639,0.71262,-0.0,38.95
2020-10-01,321235.4,0.71242,0.71582,0.71105,0.71385,-0.0,35.73
2020-10-02,677421.0,0.71385,0.71385,0.70766,0.71115,-0.0,36.15
2020-10-03,93013.9,0.71117,0.71208,0.71048,0.71164,-0.0,36.89
2020-10-04,383164.0,0.71119,0.7125,0.71049,0.71193,-0.0,37.6
2020-10-05,510626.5,0.71237,0.7149,0.71121,0.7143,-0.0,46.14
2020-10-06,358543.4,0.71453,0.71564,0.70523,0.70654,-0.0,45.4
2020-10-07,344678.9,0.70607,0.71046,0.70553,0.71016,-0.0,61.03
2020-10-08,224181.2,0.70836,0.7129,0.70835,0.71282,-0.0,65.6
2020-10-09,272997.2,0.71282,0.71954,0.71179,0.71896,-0.0,75.02
2020-10-10,402948.9,0.71959,0.72022,0.71874,0.71883,0.0,74.79
2020-10-11,118860.2,0.71883,0.7202,0.71649,0.71871,0.0,73.63
2020-10-12,383025.5,0.71732,0.719,0.71497,0.71589,0.0,64.35
2020-10-13,206915.8,0.71589,0.71604,0.71048,0.71226,0.0,53.11
2020-10-14,167376.9,0.71226,0.71723,0.71103,0.71103,0.0,47.74
2020-10-15,277997.9,0.711,0.71349,0.70252,0.7069,-0.0,40.88
2020-10-16,170723.2,0.70602,0.70651,0.70342,0.70411,-0.0,40.78
2020-10-17,95731.6,0.70504,0.70526,0.70406,0.70435,-0.0,40.39
2020-10-18,171684.9,0.70502,0.70557,0.70407,0.70552,-0.0,41.74
2020-10-19,319953.4,0.70586,0.70813,0.70165,0.70226,-0.0,34.84
2020-10-20,367795.1,0.70167,0.70353,0.699,0.70102,-0.0,41.68
2020-10-21,653812.1,0.70163,0.71092,0.70163,0.70658,-0.0,44.9
2020-10-22,526343.1,0.7073,0.71023,0.70213,0.70984,-0.0,45.83
2020-10-23,440124.9,0.70951,0.713,0.70787,0.71103,-0.0,37.11
2020-10-24,290777.3,0.71125,0.71194,0.71028,0.71075,-0.0,36.93
2020-10-25,433929.9,0.71075,0.71113,0.70849,0.70909,-0.0,35.18
2020-10-26,571321.2,0.70948,0.71054,0.70002,0.70723,-0.0,36.25
2020-10-27,816217.9,0.70723,0.71108,0.70713,0.70765,-0.0,41.85
2020-10-28,826173.1,0.70764,0.71179,0.70001,0.70105,-0.0,35.18
2020-10-29,730292.2,0.70155,0.703,0.69592,0.69882,-0.0,37.28
2020-10-30,523211.9,0.69882,0.70172,0.69663,0.69783,-0.0,39.52
2020-10-31,439833.4,0.69783,0.70262,0.69761,0.69817,-0.0,39.72
2020-11-01,425323.0,0.69796,0.70095,0.6961,0.69619,-0.0,34.89
2020-11-02,505581.5,0.69619,0.70117,0.69472,0.70078,-0.0,47.7
2020-11-03,830754.2,0.70043,0.71578,0.6984,0.7145,-0.0,65.09
2020-11-04,770020.9,0.71584,0.71741,0.70198,0.713,-0.0,57.9
2020-11-05,1668590.9,0.713,0.725,0.71023,0.7204,0.0,61.8
2020-11-06,1485927.7,0.72073,0.72443,0.71901,0.72035,0.0,60.68
2020-11-07,982583.8,0.72012,0.72379,0.71958,0.72017,0.0,60.82
2020-11-08,516314.4,0.72041,0.72627,0.71986,0.72591,0.0,67.67
2020-11-09,816895.6,0.7228,0.7295,0.72148,0.7227,0.0,65.8
2020-11-10,497436.7,0.72279,0.72893,0.72047,0.72336,0.0,65.97
2020-11-11,495557.0,0.72279,0.7264,0.72025,0.72288,0.0,75.34
2020-11-12,1222501.7,0.72258,0.72455,0.71477,0.71859,0.0,71.9
2020-11-13,1631415.2,0.71859,2.95335,0.71479,0.72216,0.0,75.5
2020-11-14,261381.4,0.7219,0.72346,0.72147,0.72171,0.0,74.61
2020-11-15,274367.4,0.72196,0.72434,0.72148,0.72434,0.0,79.04
2020-11-16,1100627.7,0.72381,0.73033,0.72061,0.72787,0.0,78.57
2020-11-17,982231.1,0.72779,0.72856,0.72336,0.72499,0.0,64.34
2020-11-18,1439215.6,0.72458,0.72949,0.72208,0.72511,0.0,67.21
2020-11-19,734650.4,0.72437,0.72507,0.72065,0.72148,0.0,51.72
2020-11-20,917157.3,0.72252,0.7269,0.71851,0.72541,0.0,57.17
2020-11-21,1074929.9,0.7251,0.7269,0.7235,0.72533,0.0,57.33
2020-11-22,1191359.5,0.72555,0.72855,0.72425,0.72743,0.0,52.41
2020-11-23,1673857.7,0.72743,0.732,0.71889,0.72477,0.0,53.34
2020-11-24,2087094.0,0.72477,0.73401,0.72428,0.73401,0.0,63.45
2020-11-25,1304134.8,0.73268,0.735,0.72795,0.73125,0.0,60.0
2020-11-26,2603132.0,0.73155,0.737,0.72303,0.73066,0.0,65.81
2020-11-27,1139301.6,0.7299,0.73474,0.72718,0.73214,0.0,63.83
2020-11-28,520685.6,0.73214,0.73388,0.72975,0.73199,0.0,64.37
2020-11-29,600223.8,0.73199,0.73473,0.7314,0.73471,0.0,64.45
2020-11-30,1356335.2,0.73476,0.73686,0.72928,0.73065,0.0,53.82
2020-12-01,1931071.8,0.73075,0.73535,0.72444,0.73245,0.0,60.56
2020-12-02,901903.8,0.7335,0.7383,0.73056,0.73767,0.0,65.54
2020-12-03,1042119.4,0.73701,0.74059,0.73357,0.73976,0.01,73.51
2020-12-04,947479.3,0.73851,0.73978,0.73436,0.73781,0.01,66.8
2020-12-05,434874.9,0.7378,0.73854,0.73131,0.73799,0.01,67.11
2020-12-06,1124986.5,0.73799,0.74062,0.73421,0.74062,0.01,67.57
2020-12-07,1380968.1,0.74089,0.74224,0.73307,0.74059,0.01,72.66
2020-12-08,1696716.6,0.74059,0.741,0.73589,0.741,0.01,63.41
2020-12-09,1309385.0,0.741,0.74387,0.73446,0.73745,0.0,61.54
2020-12-10,948019.4,0.73775,0.75006,0.73667,0.74841,0.01,73.84
2020-12-11,1089922.7,0.74904,0.75345,0.74739,0.74998,0.01,73.9
2020-12-12,563814.2,0.74774,0.75115,0.74543,0.74946,0.01,73.18
2020-12-13,446744.7,0.7481,0.7536,0.74583,0.75311,0.01,73.82
2020-12-14,842841.3,0.75285,0.75385,0.74782,0.7523,0.01,80.61
2020-12-15,415279.3,0.7523,0.75519,0.74725,0.75206,0.01,79.0
2020-12-16,1391211.9,0.75186,0.75757,0.74964,0.75588,0.01,78.09
2020-12-17,1677426.4,0.7541,0.76833,0.75284,0.76574,0.01,82.33
2020-12-18,823609.4,0.76574,0.766,0.75675,0.75871,0.01,73.09
2020-12-19,944997.9,0.75871,0.75999,0.75473,0.75555,0.01,68.2
2020-12-20,1076988.1,0.75556,0.75851,0.75311,0.75386,0.01,64.0
2020-12-21,2745685.7,0.75411,0.7578,0.74018,0.75098,0.01,60.36
2020-12-22,1351521.8,0.75098,0.75396,0.74684,0.75096,0.01,60.01
2020-12-23,2454755.6,0.75128,0.76,0.74855,0.75372,0.01,66.61
2020-12-24,2297130.6,0.75399,0.7561,0.75104,0.754,0.01,57.3
2020-12-25,1896053.8,0.754,0.761,0.75016,0.75426,0.01,55.79
2020-12-26,1113650.6,0.75496,0.75928,0.75415,0.75654,0.01,59.14
2020-12-27,2161644.3,0.75631,0.76946,0.75492,0.75906,0.01,57.91
2020-12-28,1459187.3,0.75906,0.7605,0.74861,0.7543,0.0,52.41
2020-12-29,1615145.2,0.75487,0.7599,0.75201,0.7599,0.0,58.35
2020-12-30,1857201.1,0.7599,0.76663,0.75617,0.76311,0.01,57.81
2020-12-31,1422759.8,0.76312,0.76888,0.76267,0.76473,0.01,48.67
2021-01-01,2099867.5,0.76473,0.76887,0.75949,0.76269,0.01,56.02
2021-01-02,2528714.9,0.76169,0.76873,0.76056,0.76431,0.01,63.89
2021-01-03,2826383.3,0.76433,0.77451,0.763,0.76876,0.01,71.72
2021-01-04,6481569.1,0.76875,0.77279,0.752,0.7612,0.01,63.11
2021-01-05,3366572.1,0.76121,0.773,0.75754,0.77058,0.01,70.29
2021-01-06,4436929.1,0.77272,0.78618,0.76598,0.77692,0.01,72.34
2021-01-07,6368371.4,0.77931,0.78,0.76823,0.77214,0.01,66.08
2021-01-08,7411821.9,0.77214,0.777,0.76684,0.76972,0.01,63.2
2021-01-09,3919607.3,0.76972,0.7716,0.76616,0.76726,0.01,59.12
2021-01-10,6719987.2,0.76764,0.77667,0.75808,0.76586,0.01,55.9
2021-01-11,22478289.2,0.76586,0.77132,0.7573,0.76495,0.01,59.9
2021-01-12,5957314.2,0.76447,0.776,0.76372,0.77498,0.01,62.95
2021-01-13,4955761.1,0.7753,0.77987,0.768,0.77019,0.01,55.92
2021-01-14,6474502.0,0.76966,0.78,0.76684,0.77747,0.01,59.73
2021-01-15,6019647.9,0.77736,0.78,0.7642,0.766,0.0,52.21
2021-01-16,4092676.3,0.76558,0.76754,0.7625,0.76288,0.0,49.06
2021-01-17,3839409.2,0.76288,0.77422,0.76142,0.76617,0.0,48.28
2021-01-18,4217533.8,0.76617,0.76707,0.76091,0.76642,0.0,53.84
2021-01-19,5125881.0,0.76633,0.77254,0.76333,0.76642,0.0,46.45
2021-01-20,4672370.1,0.76667,0.77284,0.76501,0.77141,0.0,45.18
2021-01-21,8339263.7,0.77162,0.77587,0.76731,0.775,0.0,52.55
2021-01-22,6394498.2,0.7744,0.78379,0.76212,0.76673,0.0,47.58
2021-01-23,2151932.8,0.76673,0.7691,0.76215,0.76591,0.0,48.88
2021-01-24,2177666.8,0.76589,0.76792,0.76202,0.76733,0.0,51.22
2021-01-25,3924860.1,0.76733,0.77247,0.76542,0.7666,0.0,51.37
2021-01-26,3407646.9,0.76662,0.77212,0.76275,0.77045,0.0,45.8
2021-01-27,3959134.5,0.76995,0.77078,0.7562,0.76161,0.0,42.59
2021-01-28,4600260.4,0.76161,0.76762,0.75776,0.76309,0.0,36.2
2021-01-29,9736033.7,0.76314,0.77399,0.759,0.76088,0.0,44.03
2021-01-30,7143873.0,0.76066,0.76216,0.75708,0.75981,-0.0,46.24
2021-01-31,5765752.4,0.75981,0.76158,0.75484,0.75672,-0.0,38.36
2021-02-01,10294468.9,0.75666,0.76604,0.75629,0.75986,-0.0,42.46
2021-02-02,10048829.8,0.75986,0.76899,0.75623,0.76176,-0.0,44.87
2021-02-03,7269573.6,0.76145,0.763,0.75829,0.76145,-0.0,37.77
2021-02-04,17001807.3,0.76161,0.76528,0.75482,0.75783,-0.0,28.93
2021-02-05,9665256.7,0.75783,0.76452,0.75533,0.76428,-0.0,46.85
2021-02-06,9811500.3,0.76402,0.7702,0.76242,0.7657,-0.0,49.73
2021-02-07,9977261.4,0.76566,0.76627,0.75907,0.76571,-0.0,47.88
2021-02-08,17604211.7,0.7653,0.76786,0.75699,0.76659,-0.0,49.99
2021-02-09,19522956.5,0.76659,0.775,0.76449,0.76705,0.0,45.13
2021-02-10,16449012.0,0.7672,0.77,0.7575,0.76691,0.0,60.12
2021-02-11,14642634.0,0.76691,0.776,0.76014,0.76979,0.0,62.15
2021-02-12,13490669.5,0.76986,0.77322,0.76008,0.76956,0.0,66.95
2021-02-13,10339958.7,0.76954,0.77148,0.765,0.76936,0.0,69.31
2021-02-14,12982659.6,0.76936,0.77455,0.76612,0.77195,0.0,81.43
2021-02-15,15543182.0,0.77151,0.77557,0.76277,0.7727,0.0,79.4
2021-02-16,15684357.2,0.7723,0.77817,0.76672,0.77084,0.0,70.83
2021-02-17,10204963.0,0.77084,0.7813,0.76778,0.77454,0.0,75.98
2021-02-18,13236480.5,0.77454,0.77799,0.77073,0.77405,0.0,86.76
2021-02-19,19373656.1,0.7745,0.7935,0.77181,0.78147,0.0,87.32
2021-02-20,20372503.3,0.78147,0.78652,0.77438,0.77785,0.0,74.08
2021-02-21,13986920.3,0.77828,0.787,0.7758,0.78288,0.0,78.38
2021-02-22,24435612.1,0.78288,0.79,0.75929,0.78352,0.0,78.21
2021-02-23,43541044.2,0.78391,0.79888,0.76962,0.78143,0.0,72.72
2021-02-24,21729434.0,0.78142,0.79,0.77221,0.78872,0.01,78.11
2021-02-25,21799566.6,0.78873,0.79433,0.77779,0.78073,0.0,62.46
2021-02-26,28348178.3,0.78074,0.78764,0.76078,0.76362,0.0,45.11
2021-02-27,15193861.3,0.76346,0.76748,0.75886,0.76182,0.0,43.96
2021-02-28,14949572.3,0.7617,0.77056,0.75579,0.77004,0.0,48.6
2021-03-01,18883225.6,0.76998,0.7747,0.76358,0.77103,0.0,48.78
2021-03-02,15752855.0,0.7708,0.77862,0.76735,0.77801,0.0,54.89
2021-03-03,10738481.7,0.77829,0.78283,0.77113,0.77256,0.0,48.68
2021-03-04,20651131.5,0.77257,0.77722,0.76558,0.76558,0.0,44.81
2021-03-05,15870960.4,0.76587,0.77361,0.75764,0.76725,0.0,40.63
2021-03-06,6601608.0,0.76724,0.77336,0.7612,0.76659,-0.0,42.28
2021-03-07,5969935.5,0.7666,0.77416,0.76474,0.77268,-0.0,43.1
2021-03-08,16339887.5,0.77149,0.77295,0.7578,0.76238,-0.0,37.36
2021-03-09,18188877.4,0.76238,0.76968,0.7578,0.7665,-0.0,41.28
2021-03-10,16801719.2,0.7665,0.775,0.7604,0.77083,-0.0,39.18
2021-03-11,21261835.9,0.7711,0.77708,0.76702,0.77319,-0.0,45.11
2021-03-12,21072088.1,0.77321,0.77597,0.76469,0.76743,-0.0,52.9
2021-03-13,19867615.2,0.76743,0.77816,0.7667,0.7747,-0.0,59.05
2021-03-14,10515368.7,0.7747,0.7777,0.76945,0.76955,-0.0,49.64
2021-03-15,29274153.0,0.7694,0.77288,0.76206,0.76865,-0.0,48.25
2021-03-16,27241672.0,0.76865,0.7733,0.7616,0.76723,-0.0,41.37
2021-03-17,14500595.3,0.76723,0.775,0.76174,0.7749,-0.0,51.81
2021-03-18,13975363.9,0.775,0.77878,0.76822,0.77,-0.0,53.53
2021-03-19,13413814.5,0.77,0.77448,0.76676,0.76839,-0.0,50.91
2021-03-20,10403074.2,0.76839,0.7719,0.76748,0.76914,-0.0,52.04
2021-03-21,10921382.6,0.76914,0.77165,0.76446,0.7675,-0.0,45.55
2021-03-22,16915416.1,0.76744,0.7721,0.76404,0.76712,-0.0,54.91
2021-03-23,18720936.8,0.76712,0.772,0.75758,0.75888,-0.0,42.73
2021-03-24,23549402.1,0.75902,0.779,0.75158,0.75366,-0.0,33.88
2021-03-25,23473606.6,0.75366,0.75929,0.75204,0.7542,-0.0,31.55
2021-03-26,19018640.2,0.75418,0.76025,0.75404,0.76002,-0.0,42.81
2021-03-27,11014596.9,0.75989,0.76346,0.75642,0.76249,-0.0,36.93
2021-03-28,9929591.1,0.76135,0.76339,0.75782,0.76041,-0.0,39.53
2021-03-29,12381361.3,0.76041,0.76704,0.7585,0.76303,-0.0,43.81
2021-03-30,10919513.1,0.76321,0.767,0.758,0.76044,-0.0,42.7
2021-03-31,19957242.7,0.7606,0.7635,0.75632,0.75858,-0.0,29.96
2021-04-01,18349579.3,0.75858,0.76198,0.75232,0.75903,-0.0,34.88
2021-04-02,20041096.4,0.75903,0.76499,0.75653,0.75832,-0.0,35.76
2021-04-03,20415722.3,0.75832,0.77,0.75599,0.75643,-0.0,32.59
2021-04-04,17972739.2,0.75643,0.76112,0.75429,0.75767,-0.0,36.39
2021-04-05,20383082.2,0.75767,0.768,0.75643,0.76725,-0.0,50.14
2021-04-06,35379184.4,0.76725,0.76851,0.75736,0.76347,-0.0,55.62
2021-04-07,41127974.0,0.76343,0.76388,0.75351,0.75766,-0.0,54.83
2021-04-08,26480167.3,0.75766,0.76444,0.7557,0.76105,-0.0,57.73
2021-04-09,23294394.4,0.76121,0.766,0.75527,0.75785,-0.0,47.4
2021-04-10,23591114.3,0.75786,0.76614,0.757,0.75818,-0.0,44.55
2021-04-11,26347594.4,0.75818,0.76224,0.75754,0.75959,-0.0,48.94
2021-04-12,35814162.5,0.7596,0.76031,0.755,0.75865,-0.0,44.11
2021-04-13,36547185.2,0.75865,0.7611,0.75451,0.7602,-0.0,49.67
2021-04-14,41414504.5,0.7602,0.76822,0.758,0.76632,-0.0,59.58
2021-04-15,33883372.8,0.76632,0.77205,0.76365,0.76901,-0.0,61.7
2021-04-16,52095303.8,0.76901,0.76902,0.75973,0.76518,-0.0,57.5
2021-04-17,25808470.4,0.76518,0.7675,0.75805,0.76259,-0.0,56.63
2021-04-18,36666537.6,0.76259,0.76512,0.73647,0.75284,-0.0,45.61
2021-04-19,27840439.7,0.75286,0.76749,0.7485,0.76159,-0.0,44.77
2021-04-20,49862641.6,0.76201,0.77568,0.76044,0.76441,-0.0,50.88
2021-04-21,40367846.4,0.76437,0.77202,0.76276,0.76916,0.0,61.03
2021-04-22,50105892.2,0.76902,0.77388,0.76477,0.76708,0.0,55.93
2021-04-23,45725881.3,0.76708,0.77346,0.765,0.76669,0.0,59.21
2021-04-24,17374241.1,0.7667,0.775,0.765,0.76919,0.0,60.97
2021-04-25,28843430.9,0.7692,0.787,0.76915,0.77058,0.0,60.96
2021-04-26,50993658.2,0.77071,0.7776,0.76915,0.77538,0.0,65.49
2021-04-27,28987025.7,0.77538,0.7757,0.77123,0.77282,0.0,61.47
2021-04-28,27016525.3,0.77287,0.77644,0.76915,0.77549,0.0,58.89
2021-04-29,29133980.3,0.77549,0.78,0.77114,0.77299,0.0,53.87
2021-04-30,28215189.4,0.77299,0.77556,0.76915,0.76953,0.0,54.26
2021-05-01,26705861.3,0.76953,0.77606,0.76694,0.76941,0.0,57.03
2021-05-02,25845408.2,0.76941,0.771,0.76696,0.771,0.0,72.49
2021-05-03,35761498.9,0.771,0.773,0.76769,0.76977,0.0,62.45
2021-05-04,54045929.7,0.76976,0.77165,0.76416,0.76711,0.0,54.13
2021-05-05,45261885.0,0.76711,0.78229,0.76555,0.77163,0.0,53.8
2021-05-06,46919797.4,0.77156,0.77488,0.76666,0.77379,0.0,60.31
2021-05-07,47975802.3,0.77381,0.77998,0.76841,0.77629,0.0,63.85
2021-05-08,37934261.8,0.77629,0.77862,0.77336,0.7749,0.0,58.51
2021-05-09,45734237.6,0.77491,0.7779,0.77211,0.77701,0.0,59.38
2021-05-10,54194939.9,0.77701,0.78251,0.77136,0.77541,0.0,50.05
2021-05-11,44385064.4,0.77541,0.77856,0.773,0.77626,0.0,55.86
2021-05-12,59509043.9,0.77627,0.77763,0.76449,0.772,0.0,44.36
2021-05-13,83694956.9,0.77202,0.77299,0.7585,0.76461,0.0,38.31
2021-05-14,47431286.6,0.76462,0.7735,0.76321,0.77231,0.0,53.47
2021-05-15,40578902.5,0.77231,0.77549,0.77004,0.77206,0.0,53.3
2021-05-16,45720459.3,0.77206,0.77396,0.76692,0.7703,0.0,49.13
2021-05-17,58308852.5,0.77028,0.77397,0.76848,0.77305,0.0,53.91
2021-05-18,48231725.0,0.77305,0.77615,0.77085,0.77105,0.0,54.78
2021-05-19,140877173.7,0.77109,0.79155,0.75506,0.76501,0.0,42.26
2021-05-20,112404623.1,0.76506,0.77023,0.7451,0.76517,-0.0,39.43
2021-05-21,69785379.7,0.76479,0.77049,0.75513,0.76102,-0.0,32.0
2021-05-22,45857094.4,0.76079,0.76983,0.75896,0.76936,-0.0,44.39
2021-05-23,71292962.9,0.76936,0.79536,0.76493,0.76868,-0.0,41.31
2021-05-24,61685176.6,0.76869,0.77206,0.76623,0.76903,-0.0,43.17
2021-05-25,52050007.2,0.76903,0.775,0.76849,0.77264,-0.0,46.34
2021-05-26,48035158.7,0.77264,0.77738,0.77,0.77094,-0.0,48.87
2021-05-27,34670523.2,0.77094,0.77375,0.76922,0.77186,0.0,58.97
2021-05-28,41346591.3,0.77183,0.77311,0.76334,0.76809,-0.0,44.22
2021-05-29,18478939.4,0.76809,0.76872,0.76261,0.76645,-0.0,42.59
2021-05-30,16727782.2,0.76646,0.769,0.76373,0.76887,-0.0,48.14
2021-05-31,23202152.8,0.76886,0.77353,0.76624,0.77233,0.0,49.08
2021-06-01,23171087.9,0.77231,0.776,0.7705,0.7749,0.0,54.84
2021-06-02,22443116.6,0.77497,0.77599,0.76974,0.77302,0.0,61.23
2021-06-03,39349091.5,0.77301,0.774,0.76459,0.76491,0.0,49.7
2021-06-04,42567707.6,0.76491,0.77257,0.76301,0.77246,0.0,62.17
2021-06-05,30634768.7,0.7725,0.7745,0.76774,0.77062,0.0,51.56
2021-06-06,16557010.1,0.77061,0.77368,0.76975,0.77257,0.0,54.66
2021-06-07,35028724.0,0.77257,0.775,0.77021,0.77349,0.0,55.27
2021-06-08,42923466.7,0.77349,0.776,0.77,0.77213,0.0,49.36
2021-06-09,40513737.8,0.77212,0.77348,0.77,0.77171,0.0,50.99
2021-06-10,41428975.6,0.77171,0.775,0.77021,0.77447,0.0,53.21
2021-06-11,29393248.4,0.77448,0.7756,0.76853,0.76915,0.0,51.26
2021-06-12,36545342.4,0.76914,0.77037,0.76708,0.76974,0.0,54.0
2021-06-13,25486675.1,0.76976,0.775,0.76765,0.77062,0.0,52.21
2021-06-14,22370601.7,0.77062,0.77309,0.77018,0.7707,0.0,47.75
2021-06-15,23917633.2,0.7707,0.7729,0.76801,0.7686,0.0,41.19
2021-06-16,27972953.4,0.76861,0.77012,0.76137,0.76184,-0.0,36.25
2021-06-17,22231276.8,0.76185,0.7645,0.75403,0.75451,-0.0,36.95
2021-06-18,32927652.7,0.75451,0.75475,0.7438,0.74455,-0.0,16.99
2021-06-19,22316827.2,0.74487,0.747,0.74364,0.7446,-0.0,17.86
2021-06-20,30761187.5,0.7446,0.74908,0.74301,0.74885,-0.01,22.28
2021-06-21,54409412.3,0.74903,0.75358,0.74751,0.75165,-0.01,25.55
2021-06-22,57785967.4,0.75165,0.75423,0.74716,0.75374,-0.01,29.74
2021-06-23,36311830.7,0.75373,0.75769,0.752,0.75644,-0.01,33.98
2021-06-24,24024226.1,0.75647,0.75869,0.75527,0.75732,-0.0,31.27
2021-06-25,29335776.4,0.75732,0.75989,0.75576,0.7558,-0.0,34.1
2021-06-26,24899984.2,0.75578,0.75871,0.75453,0.75745,-0.0,35.73
2021-06-27,18069377.4,0.75745,0.75935,0.7568,0.75931,-0.0,37.16
2021-06-28,29613298.5,0.75931,0.76122,0.75551,0.75745,-0.0,35.54
2021-06-29,29230366.1,0.75745,0.7576,0.75034,0.75147,-0.0,32.76
2021-06-30,28929948.2,0.75147,0.75595,0.75035,0.75337,-0.0,40.55
2021-07-01,20303253.9,0.75337,0.75337,0.74637,0.74834,-0.0,42.75
2021-07-02,16286253.0,0.74824,0.75227,0.74453,0.75142,-0.0,59.64
2021-07-03,12352896.8,0.75129,0.7527,0.7509,0.75181,-0.0,60.02
2021-07-04,14330904.2,0.75181,0.75328,0.7509,0.75184,-0.0,54.71
2021-07-05,17089336.4,0.75184,0.7537,0.75064,0.75308,-0.0,52.37
2021-07-06,23014408.5,0.75308,0.75851,0.74842,0.74949,-0.0,43.3
2021-07-07,19673915.7,0.74949,0.7526,0.74664,0.7474,-0.0,35.47
2021-07-08,27893974.6,0.7474,0.74753,0.74112,0.74335,-0.0,29.62
2021-07-09,21974246.1,0.74335,0.74822,0.7396,0.74738,-0.0,38.55
2021-07-10,10185055.5,0.74738,0.74786,0.74591,0.74628,-0.0,34.58
2021-07-11,11701443.6,0.74627,0.74829,0.74627,0.74828,-0.0,34.84
2021-07-12,19657281.7,0.74827,0.7921,0.7438,0.74744,-0.0,35.84
2021-07-13,20978944.3,0.74744,0.74901,0.74163,0.74322,-0.0,37.72
2021-07-14,21560709.9,0.7431,0.74833,0.74228,0.74783,-0.0,42.37
2021-07-15,21452737.7,0.74783,0.74786,0.74071,0.74122,-0.0,40.6
2021-07-16,17267243.6,0.74122,0.745,0.73853,0.73925,-0.0,33.45
2021-07-17,11082569.5,0.73927,0.73934,0.73675,0.7386,-0.0,32.16
2021-07-18,12406260.3,0.7386,0.73959,0.73683,0.73803,-0.0,31.62
2021-07-19,32572393.6,0.73804,0.73899,0.73132,0.73393,-0.01,26.32
2021-07-20,24735678.8,0.73393,0.73521,0.72901,0.7332,-0.01,28.32
2021-07-21,20876456.2,0.7332,0.73694,0.72741,0.73462,-0.01,32.68
2021-07-22,15701939.6,0.73467,0.73893,0.73295,0.73792,-0.01,42.49
2021-07-23,17958038.7,0.73792,0.7398,0.73487,0.73594,-0.01,33.23
2021-07-24,15963463.8,0.73601,0.7364,0.73408,0.73516,-0.01,33.54
2021-07-25,16297444.8,0.73516,0.73649,0.7338,0.73622,-0.0,31.64
2021-07-26,36078995.7,0.73622,0.74046,0.7337,0.7401,-0.0,39.77
2021-07-27,26107029.4,0.74017,0.74022,0.73301,0.73548,-0.0,39.33
2021-07-28,22635447.3,0.73544,0.73666,0.7314,0.73659,-0.0,32.86
2021-07-29,19498285.5,0.73662,0.73999,0.73475,0.73896,-0.0,46.04
2021-07-30,18763489.3,0.73896,0.73974,0.73236,0.73407,-0.0,41.77
2021-07-31,12787003.7,0.73399,0.73463,0.7312,0.73129,-0.0,39.12
2021-08-01,18071083.8,0.73129,0.73334,0.73041,0.73254,-0.0,41.99
2021-08-02,21282407.8,0.73261,0.73784,0.73022,0.73529,-0.0,52.07
2021-08-03,29820471.9,0.73529,0.74002,0.73465,0.73874,-0.0,57.77
2021-08-04,25638777.0,0.73874,0.74188,0.73682,0.73709,-0.0,53.44
2021-08-05,24554203.5,0.73708,0.741,0.73702,0.74,-0.0,52.93
2021-08-06,23500278.8,0.74,0.7407,0.7342,0.73595,-0.0,50.01
2021-08-07,29881085.8,0.73595,0.7385,0.73276,0.73451,-0.0,49.15
2021-08-08,24900066.5,0.73451,0.7349,0.73158,0.73225,-0.0,44.96
2021-08-09,30910682.6,0.73224,0.7363,0.73171,0.73278,-0.0,39.85
2021-08-10,24803741.9,0.73251,0.73489,0.731,0.73327,-0.0,46.54
2021-08-11,37620351.1,0.73322,0.73718,0.7311,0.73549,-0.0,48.34
2021-08-12,29873712.8,0.73549,0.73616,0.73172,0.73289,-0.0,40.88
2021-08-13,26503209.1,0.7325,0.73725,0.7318,0.73475,-0.0,51.12
2021-08-14,29073092.3,0.73475,0.73599,0.73301,0.73404,-0.0,54.88
2021-08-15,25108878.6,0.73396,0.73597,0.73305,0.73542,-0.0,55.09
2021-08-16,35816631.3,0.73543,0.73577,0.73041,0.73304,-0.0,45.97
2021-08-17,37759055.8,0.73304,0.73327,0.721,0.7247,-0.0,28.61
2021-08-18,35653335.2,0.7244,0.72649,0.72141,0.7217,-0.0,27.48
2021-08-19,35118081.2,0.72165,0.72197,0.715,0.71563,-0.0,17.36
2021-08-20,28641811.5,0.71544,0.71796,0.71031,0.71259,-0.01,17.84
2021-08-21,22019253.6,0.71233,0.7127,0.70971,0.70971,-0.01,17.16
2021-08-22,22641878.6,0.70961,0.71298,0.70933,0.71211,-0.01,23.43
2021-08-23,39965358.9,0.71203,0.72122,0.71203,0.71953,-0.01,35.21
2021-08-24,39675836.8,0.71959,0.72569,0.71859,0.72346,-0.01,39.83
2021-08-25,33125016.9,0.72346,0.727,0.7213,0.72637,-0.0,40.68
2021-08-26,26983520.1,0.72629,0.72686,0.7219,0.7223,-0.0,39.49
2021-08-27,32162373.5,0.7223,0.7302,0.7206,0.7281,-0.0,43.88
2021-08-28,25234862.0,0.7281,0.7315,0.7249,0.7268,-0.0,43.41
2021-08-29,22843051.0,0.7268,0.7312,0.726,0.7297,-0.0,44.93
2021-08-30,24606772.0,0.7297,0.7302,0.727,0.7276,-0.0,45.16
2021-08-31,32348749.0,0.7275,0.7327,0.7272,0.7298,-0.0,55.1
2021-09-01,29832256.8,0.7298,0.7374,0.7286,0.735,-0.0,62.73
2021-09-02,30815649.0,0.735,0.7397,0.7336,0.7378,0.0,72.65
2021-09-03,36287656.4,0.7378,0.7465,0.7375,0.7416,0.0,79.18
2021-09-04,27540550.0,0.7416,0.7419,0.7388,0.7406,0.0,82.29
2021-09-05,26357642.0,0.7406,0.744,0.7381,0.7419,0.0,81.87
2021-09-06,32171470.0,0.7419,0.7427,0.7401,0.7421,0.0,78.56
2021-09-07,77994986.0,0.7421,0.7444,0.724,0.7325,0.0,60.0
2021-09-08,54061877.0,0.7325,0.7383,0.7306,0.7345,0.0,59.18
2021-09-09,45789552.0,0.7345,0.7365,0.7292,0.7351,0.0,65.69
2021-09-10,42187344.0,0.7351,0.7394,0.7318,0.7341,0.0,58.33
2021-09-11,25150232.0,0.7341,0.7343,0.7306,0.7334,0.0,59.32
2021-09-12,25079569.0,0.7334,0.7344,0.7305,0.7334,0.0,55.69
2021-09-13,36243504.0,0.7335,0.7361,0.7314,0.7351,0.0,61.68
2021-09-14,29103709.0,0.7351,0.7366,0.73,0.7305,0.0,51.01
2021-09-15,26925025.0,0.7305,0.7329,0.7288,0.7327,0.0,46.35
2021-09-16,28750374.0,0.7327,0.7332,0.7263,0.7278,0.0,35.12
2021-09-17,28193054.0,0.7279,0.7311,0.7243,0.7254,-0.0,24.84
2021-09-18,23218764.0,0.7255,0.7273,0.7239,0.7258,-0.0,26.58
2021-09-19,23486930.0,0.7257,0.7267,0.7241,0.7251,-0.0,22.9
2021-09-20,54517754.0,0.7251,0.735,0.7206,0.7249,-0.0,22.26
2021-09-21,46998894.0,0.7249,0.727,0.721,0.7215,-0.0,27.82
2021-09-22,35631091.0,0.7215,0.7282,0.721,0.7211,-0.0,21.12
2021-09-23,29718036.0,0.7211,0.7298,0.7206,0.7285,-0.0,39.0
2021-09-24,39551430.0,0.7285,0.7303,0.7216,0.7239,-0.0,34.82
2021-09-25,21178219.0,0.7239,0.7248,0.7225,0.724,-0.0,35.76
2021-09-26,24273705.0,0.724,0.7255,0.7206,0.7253,-0.0,38.19
2021-09-27,24903536.0,0.7253,0.7282,0.7235,0.7268,-0.0,37.83
2021-09-28,26047720.0,0.7267,0.7296,0.7215,0.7232,-0.0,38.97
2021-09-29,25735716.0,0.7233,0.7248,0.7162,0.7169,-0.0,28.76
2021-09-30,25712401.0,0.7169,0.7248,0.7169,0.722,-0.0,42.25
2021-10-01,36509434.0,0.722,0.7267,0.718,0.7248,-0.0,49.21
2021-10-02,27063796.0,0.7249,0.7249,0.7226,0.7243,-0.0,48.02
2021-10-03,27861874.0,0.7242,0.7262,0.722,0.7252,-0.0,50.13
2021-10-04,37028370.0,0.7252,0.7289,0.7233,0.7269,-0.0,52.53
2021-10-05,43489766.0,0.7269,0.7294,0.7228,0.7279,-0.0,58.6
2021-10-06,42817472.0,0.7278,0.7279,0.7211,0.7267,-0.0,57.37
2021-10-07,39112215.0,0.7267,0.7322,0.7258,0.7304,-0.0,52.77
2021-10-08,40605226.0,0.7305,0.7334,0.728,0.7291,-0.0,58.39
2021-10-09,26412119.0,0.7292,0.7292,0.7273,0.7288,-0.0,57.69
2021-10-10,27868326.0,0.7288,0.7302,0.7265,0.7275,0.0,53.53
2021-10-11,33084091.0,0.7273,0.7362,0.7273,0.7336,0.0,59.5
2021-10-12,38624131.0,0.7337,0.7373,0.7321,0.7329,0.0,64.74
2021-10-13,29651544.0,0.7329,0.7381,0.7318,0.7373,0.0,82.9
2021-10-14,31387372.0,0.7374,0.7419,0.7364,0.7403,0.0,81.66
2021-10-15,36167529.0,0.7402,0.7429,0.7391,0.7402,0.0,79.39
2021-10-16,25563285.0,0.7402,0.7422,0.7379,0.7405,0.0,81.15
2021-10-17,27071129.0,0.7404,0.7428,0.7383,0.7416,0.0,81.3
2021-10-18,28835596.0,0.7416,0.7419,0.7372,0.7405,0.0,76.56
2021-10-19,30548334.0,0.7405,0.7485,0.7405,0.7463,0.0,80.26
2021-10-20,35419405.8,0.7464,0.7538,0.7452,0.7506,0.0,85.67
2021-10-21,43648240.0,0.7507,0.7539,0.7449,0.7458,0.01,72.25
2021-10-22,36415801.0,0.7458,0.7499,0.7444,0.7452,0.01,73.75
2021-10-23,23271883.0,0.7452,0.7455,0.7428,0.7434,0.0,70.62
2021-10-24,26901329.0,0.7434,0.7459,0.743,0.7455,0.0,74.86
2021-10-25,34669598.0,0.7455,0.7494,0.7452,0.748,0.0,72.09
2021-10-26,42768940.0,0.748,0.7514,0.7478,0.7501,0.01,75.29
2021-10-27,73779240.0,0.7501,0.7524,0.7374,0.747,0.0,64.83
2021-10-28,68114678.0,0.747,0.753,0.7452,0.7505,0.01,65.36
2021-10-29,41856050.0,0.7505,0.7537,0.7493,0.7498,0.0,64.2
2021-10-30,35172719.0,0.7498,0.7512,0.7478,0.7488,0.0,62.03
2021-10-31,37765161.0,0.7489,0.7496,0.7469,0.7492,0.0,61.24
2021-11-01,38542266.0,0.7493,0.7516,0.747,0.7497,0.0,63.86
2021-11-02,42079228.0,0.7496,0.7507,0.7408,0.742,0.0,43.87
2021-11-03,55833929.0,0.742,0.745,0.7403,0.7447,0.0,41.19
2021-11-04,53722981.0,0.7447,0.7449,0.7358,0.7385,0.0,39.54
2021-11-05,48777679.0,0.7384,0.7391,0.7345,0.7375,0.0,39.09
2021-11-06,30811146.0,0.7375,0.7375,0.7338,0.7353,0.0,38.66
2021-11-07,30404785.0,0.7352,0.7385,0.7349,0.7379,0.0,39.5
2021-11-08,42333071.0,0.7379,0.7418,0.7365,0.7402,0.0,39.17
2021-11-09,47045197.0,0.7403,0.7419,0.7342,0.7357,-0.0,31.25
2021-11-10,60301472.0,0.7358,0.7377,0.7282,0.7308,-0.0,29.85
2021-11-11,42517725.0,0.7308,0.7313,0.7257,0.7272,-0.0,21.09
2021-11-12,41703519.0,0.7272,0.732,0.7248,0.7313,-0.0,28.83
2021-11-13,30735432.0,0.7314,0.7323,0.7291,0.7307,-0.0,29.1
2021-11-14,28769856.0,0.7307,0.7317,0.7291,0.7308,-0.0,28.6
2021-11-15,39715127.0,0.7308,0.7364,0.7304,0.7324,-0.0,30.39
2021-11-16,68194363.0,0.7324,0.7339,0.7248,0.7248,-0.0,30.45
2021-11-17,54938082.0,0.7248,0.7272,0.7214,0.7245,-0.0,25.72
2021-11-18,55828660.0,0.7244,0.7271,0.7212,0.7246,-0.0,30.42
2021-11-19,45306095.0,0.7246,0.7255,0.7152,0.7188,-0.0,26.8
2021-11-20,38389597.0,0.7188,0.7211,0.7164,0.72,-0.0,30.53
2021-11-21,31246265.0,0.72,0.7211,0.7165,0.7189,-0.01,24.87
2021-11-22,42028681.0,0.7189,0.725,0.7101,0.72,-0.01,22.4
2021-11-23,35886591.0,0.72,0.7214,0.719,0.7201,-0.01,25.78
2021-11-24,44988862.0,0.7202,0.7214,0.7154,0.7166,-0.01,26.95
2021-11-25,41577371.0,0.7166,0.72,0.715,0.7159,-0.01,29.75
2021-11-26,61373817.0,0.7159,0.7159,0.7025,0.7067,-0.01,12.73
2021-11-27,30235809.0,0.7067,0.71,0.7053,0.7068,-0.01,13.23
2021-11-28,35315890.0,0.7068,0.7111,0.7044,0.7106,-0.01,22.1
2021-11-29,35286768.0,0.7106,0.715,0.7094,0.7139,-0.01,25.59
2021-11-30,39873715.0,0.7138,0.7163,0.7068,0.7108,-0.01,29.04
2021-12-01,37961965.0,0.7109,0.7162,0.7078,0.7101,-0.01,28.7
2021-12-02,37187801.0,0.7101,0.7128,0.7067,0.7069,-0.01,26.02
2021-12-03,37857704.7,0.7069,0.7075,0.6955,0.6974,-0.01,23.65
2021-12-04,85707767.5,0.6974,0.698,0.6526,0.6899,-0.01,17.91
2021-12-05,36708359.0,0.6904,0.6991,0.6881,0.6988,-0.01,31.63
2021-12-06,42303138.0,0.6989,0.7041,0.6971,0.7028,-0.01,35.07
2021-12-07,34817282.0,0.7028,0.7114,0.7015,0.7104,-0.01,42.55
2021-12-08,29905511.0,0.7104,0.7167,0.7101,0.7161,-0.01,49.63
2021-12-09,34086102.0,0.7161,0.7173,0.7113,0.7127,-0.01,47.71
2021-12-10,34335308.0,0.7127,0.7163,0.7115,0.7147,-0.0,56.37
2021-12-11,23760718.0,0.7146,0.7159,0.713,0.7155,-0.0,56.85
2021-12-12,20041483.0,0.7155,0.716,0.7144,0.7151,-0.0,53.74
2021-12-13,39182263.0,0.7151,0.7175,0.71,0.7113,-0.0,47.85
2021-12-14,35728801.0,0.7113,0.7135,0.7078,0.7093,-0.0,48.74
2021-12-15,31129870.0,0.7093,0.7169,0.709,0.7154,-0.0,54.08
2021-12-16,25378268.0,0.7155,0.7213,0.7138,0.7169,-0.0,57.91
2021-12-17,31681742.0,0.7169,0.7219,0.7111,0.7129,-0.0,63.43
2021-12-18,20697894.0,0.7129,0.716,0.7107,0.7116,-0.0,71.07
2021-12-19,16550620.0,0.7116,0.7123,0.71,0.7105,-0.0,63.39
2021-12-20,25949332.0,0.7105,0.7124,0.7072,0.7103,-0.0,59.4
2021-12-21,28396873.0,0.7103,0.715,0.7093,0.7139,-0.0,54.87
2021-12-22,30902680.0,0.7138,0.7216,0.7107,0.72,-0.0,55.37
2021-12-23,29694038.0,0.72,0.7255,0.7181,0.7218,0.0,63.11
2021-12-24,24430613.0,0.7219,0.7234,0.7201,0.7205,0.0,58.53
2021-12-25,13893326.0,0.7205,0.7211,0.7192,0.7198,0.0,56.34
2021-12-26,16067014.0,0.7198,0.7222,0.7196,0.7216,0.0,59.21
2021-12-27,22219282.0,0.7216,0.7236,0.7195,0.7225,0.0,67.28
2021-12-28,33062340.0,0.7226,0.7249,0.718,0.7221,0.0,70.78
2021-12-29,30944975.0,0.7221,0.7249,0.7125,0.7229,0.0,64.71
2021-12-30,27468741.0,0.7229,0.7259,0.72,0.7231,0.0,62.81
2021-12-31,23627218.0,0.7232,0.7256,0.7223,0.7242,0.0,76.53
2022-01-01,16741518.0,0.7241,0.7256,0.7232,0.7253,0.0,82.46
2022-01-02,19761699.0,0.7252,0.7267,0.7232,0.725,0.0,85.71
2022-01-03,18916584.0,0.7251,0.726,0.7174,0.7184,0.0,65.17
2022-01-04,23687507.0,0.7185,0.724,0.7174,0.7229,0.0,66.3
2022-01-05,32171890.0,0.7229,0.7262,0.7166,0.7209,0.0,51.91
2022-01-06,34421438.0,0.7209,0.7212,0.7132,0.715,0.0,37.68
2022-01-07,30613711.0,0.715,0.7175,0.7126,0.7168,0.0,43.42
2022-01-08,22035323.0,0.7168,0.717,0.7115,0.7145,0.0,41.08
2022-01-09,19276094.0,0.7145,0.7164,0.7135,0.7155,0.0,39.45
2022-01-10,26967621.0,0.7155,0.7194,0.7134,0.717,0.0,40.68
2022-01-11,21611034.0,0.7169,0.72,0.7141,0.7198,0.0,46.39
2022-01-12,30778351.0,0.7199,0.7272,0.7181,0.7262,0.0,54.4
2022-01-13,30016120.0,0.7262,0.7385,0.7257,0.7278,0.0,56.04
2022-01-14,20664690.0,0.7277,0.7281,0.7191,0.7191,0.0,44.52
2022-01-15,15707844.0,0.7191,0.7207,0.7183,0.7188,0.0,42.89
2022-01-16,15147665.0,0.7188,0.7208,0.7185,0.7203,0.0,44.99
2022-01-17,21122078.0,0.7202,0.7218,0.7183,0.7187,0.0,50.36
2022-01-18,22156210.0,0.7187,0.7216,0.7156,0.7174,0.0,42.89
2022-01-19,20975437.0,0.7175,0.7223,0.7157,0.7208,0.0,49.88
2022-01-20,21623322.0,0.7207,0.7269,0.7194,0.7206,0.0,58.14
2022-01-21,37038647.0,0.7205,0.7206,0.715,0.7169,0.0,50.14
2022-01-22,44783027.0,0.7168,0.7199,0.7131,0.7163,-0.0,52.6
2022-01-23,29133059.0,0.7163,0.7166,0.7093,0.7159,-0.0,50.59
2022-01-24,40125678.0,0.7159,0.7304,0.709,0.7135,-0.0,44.99
2022-01-25,21506053.0,0.7135,0.7166,0.7103,0.7137,-0.0,40.56
2022-01-26,26929403.0,0.7137,0.7182,0.7093,0.7102,-0.0,22.79
2022-01-27,21399289.0,0.7101,0.7109,0.7018,0.7038,-0.0,14.91
2022-01-28,20508441.0,0.7038,0.7067,0.6965,0.6981,-0.0,16.35
2022-01-29,16288306.0,0.6981,0.6981,0.6957,0.6973,-0.0,16.09
2022-01-30,15138029.0,0.6973,0.6995,0.696,0.6989,-0.0,16.35
2022-01-31,22605606.0,0.699,0.7065,0.6987,0.7061,-0.0,33.16
2022-02-01,21529596.0,0.7061,0.7126,0.7023,0.7118,-0.0,43.3
2022-02-02,24161597.0,0.7118,0.7145,0.7086,0.7095,-0.0,36.12
2022-02-03,24586786.0,0.7094,0.7166,0.7091,0.7166,-0.0,45.8
2022-02-04,25805635.0,0.7166,0.717,0.7049,0.7074,-0.0,41.05
2022-02-05,19322919.0,0.7073,0.7074,0.703,0.7052,-0.0,39.85
2022-02-06,14862423.0,0.7052,0.707,0.704,0.7065,-0.0,41.55
2022-02-07,35828740.0,0.7066,0.7122,0.7041,0.7107,-0.0,47.56
2022-02-08,25056785.0,0.7107,0.7144,0.709,0.7126,-0.0,49.07
2022-02-09,20756219.0,0.7127,0.7179,0.7124,0.7164,-0.0,55.22
2022-02-10,23506381.0,0.7165,0.7231,0.7137,0.7145,-0.0,59.74
2022-02-11,18821779.0,0.7145,0.7168,0.7098,0.7112,-0.0,62.48
2022-02-12,14720012.0,0.7112,0.7124,0.7101,0.7116,-0.0,63.72
2022-02-13,11705073.0,0.7115,0.7136,0.7107,0.7135,-0.0,63.93
2022-02-14,17247799.0,0.7134,0.7135,0.708,0.712,-0.0,56.32
2022-02-15,21253985.0,0.7121,0.7155,0.7099,0.7138,-0.0,52.34
2022-02-16,18360886.0,0.7139,0.7201,0.7133,0.7182,0.0,59.69
2022-02-17,20978034.0,0.7182,0.7208,0.7143,0.7168,0.0,50.26
2022-02-18,19422446.0,0.7168,0.721,0.7148,0.7156,0.0,63.14
2022-02-19,10468447.0,0.7157,0.7167,0.7146,0.7157,0.0,68.04
2022-02-20,15765849.0,0.7156,0.7166,0.7151,0.7161,0.0,67.02
2022-02-21,22130392.0,0.716,0.7211,0.7157,0.7167,0.0,62.2
2022-02-22,20745478.0,0.7167,0.7219,0.7167,0.7214,0.0,66.06
2022-02-23,17561009.0,0.7214,0.7267,0.7208,0.7223,0.0,62.04
2022-02-24,35378329.0,0.7223,0.7224,0.7092,0.7148,0.0,50.5
2022-02-25,16537797.0,0.715,0.7221,0.7148,0.7208,0.0,64.63
2022-02-26,11454198.0,0.7208,0.7216,0.7197,0.7214,0.0,64.85
2022-02-27,16290434.0,0.7214,0.7228,0.7165,0.7173,0.0,55.4
2022-02-28,21902566.0,0.7173,0.7271,0.7171,0.7258,0.0,66.35
2022-03-01,19039410.0,0.7258,0.728,0.7232,0.7248,0.0,63.29
2022-03-02,22938775.0,0.7248,0.7298,0.7233,0.7284,0.0,62.56
2022-03-03,19922028.0,0.7283,0.7336,0.7265,0.7324,0.0,68.06
2022-03-04,18703891.0,0.7325,0.7371,0.7293,0.7343,0.0,71.3
2022-03-05,14297337.0,0.7343,0.7358,0.7331,0.7342,0.0,71.07
2022-03-06,16628565.0,0.7342,0.7376,0.7331,0.7374,0.01,72.81
2022-03-07,23482820.0,0.7374,0.7428,0.7308,0.7325,0.01,65.49
2022-03-08,18331019.0,0.7324,0.734,0.7244,0.7256,0.0,53.95
2022-03-09,19474512.0,0.7256,0.7334,0.7256,0.7308,0.0,57.39
2022-03-10,18470765.0,0.7308,0.7352,0.729,0.7351,0.0,68.69
2022-03-11,14802261.0,0.7351,0.7352,0.7267,0.7283,0.0,56.81
2022-03-12,18716163.0,0.7282,0.729,0.7261,0.7279,0.0,55.92
2022-03-13,12557358.0,0.7279,0.7284,0.7265,0.7283,0.0,60.74
2022-03-14,19515231.0,0.7283,0.7284,0.72,0.7224,0.0,46.5
2022-03-15,23693023.0,0.7224,0.7237,0.7177,0.7196,0.0,44.84
2022-03-16,23378706.0,0.7197,0.7285,0.7185,0.7278,0.0,49.45
2022-03-17,19021894.0,0.7277,0.7378,0.7277,0.7363,0.0,53.28
2022-03-18,17580671.0,0.7363,0.7416,0.7354,0.7405,0.0,55.02
2022-03-19,14310472.0,0.7406,0.7415,0.7384,0.7409,0.0,55.39
2022-03-20,12772955.0,0.7408,0.7413,0.7391,0.7399,0.0,52.09
2022-03-21,37383642.0,0.7399,0.7421,0.7362,0.7391,0.0,55.91
2022-03-22,26738257.0,0.739,0.7465,0.7365,0.745,0.0,67.7
2022-03-23,20236140.0,0.745,0.7496,0.7434,0.7492,0.01,67.1
2022-03-24,23084982.0,0.7492,0.7518,0.7458,0.7501,0.01,64.88
2022-03-25,21510489.0,0.75,0.7524,0.7482,0.7491,0.01,73.32
2022-03-26,11921240.0,0.7492,0.7494,0.7474,0.7488,0.01,73.48
2022-03-27,14834419.0,0.7489,0.7518,0.7484,0.7512,0.01,74.62
2022-03-28,29308759.0,0.7512,0.7528,0.7464,0.7488,0.01,80.7
2022-03-29,26472382.0,0.7488,0.7514,0.7461,0.75,0.01,86.71
2022-03-30,25663010.0,0.75,0.7522,0.7485,0.7489,0.01,80.76
2022-03-31,26877084.0,0.7489,0.7502,0.746,0.7471,0.01,69.57
2022-04-01,23218211.0,0.747,0.7509,0.7459,0.7476,0.01,64.85
2022-04-02,17530326.0,0.7476,0.7492,0.7465,0.748,0.01,64.85
2022-04-03,13533602.0,0.748,0.7491,0.7473,0.7474,0.01,65.96
2022-04-04,25780150.0,0.7474,0.7548,0.747,0.7533,0.01,74.83
2022-04-05,24913077.0,0.7532,0.7648,0.7493,0.7562,0.01,71.88
2022-04-06,29744776.0,0.7562,0.7576,0.749,0.7491,0.01,49.82
2022-04-07,22930472.0,0.7491,0.7507,0.7455,0.7468,0.0,44.48
2022-04-08,19896209.0,0.7468,0.748,0.7421,0.743,0.0,40.67
2022-04-09,11471178.0,0.743,0.7445,0.7426,0.7439,0.0,42.64
2022-04-10,11157020.0,0.7439,0.745,0.7424,0.7424,0.0,36.42
2022-04-11,25146367.0,0.7424,0.745,0.7377,0.7394,0.0,35.76
2022-04-12,26231048.0,0.7395,0.7486,0.7386,0.7453,0.0,43.77
2022-04-13,19901709.0,0.7452,0.7465,0.7385,0.7439,0.0,43.42
2022-04-14,18692230.0,0.7439,0.7459,0.7389,0.7395,0.0,40.64
2022-04-15,11917147.0,0.7396,0.7402,0.7362,0.7373,0.0,37.83
2022-04-16,9918660.0,0.7374,0.7386,0.7368,0.7384,-0.0,38.84
2022-04-17,8226924.0,0.7384,0.7386,0.7368,0.738,-0.0,39.02
2022-04-18,19707669.0,0.738,0.7387,0.7328,0.7354,-0.0,27.34
2022-04-19,18698136.0,0.7354,0.739,0.734,0.7389,-0.0,28.43
2022-04-20,23242558.0,0.7389,0.7445,0.7378,0.7438,-0.0,43.01
2022-04-21,23441752.0,0.7438,0.7446,0.734,0.7341,-0.0,35.98
2022-04-22,21114950.0,0.7341,0.7363,0.7223,0.7231,-0.0,31.05
2022-04-23,12138609.0,0.7231,0.7244,0.7221,0.7231,-0.0,29.84
2022-04-24,12006618.0,0.723,0.7242,0.7226,0.7227,-0.0,30.5
2022-04-25,23842681.0,0.7227,0.7228,0.7132,0.7195,-0.0,30.37
2022-04-26,24478281.0,0.7196,0.7224,0.7113,0.7132,-0.01,18.59
2022-04-27,20180256.0,0.7132,0.7191,0.7105,0.7126,-0.01,18.89
2022-04-28,25304788.0,0.7126,0.7165,0.7066,0.7107,-0.01,19.87
2022-04-29,25685309.0,0.7105,0.7177,0.7047,0.7048,-0.01,18.45
2022-04-30,18567834.0,0.7048,0.7066,0.7026,0.7031,-0.01,16.12
2022-05-01,20720422.0,0.7031,0.7083,0.7018,0.7077,-0.01,23.09
2022-05-02,21459353.0,0.7076,0.7088,0.7036,0.705,-0.01,23.05
2022-05-03,22622781.0,0.7051,0.7169,0.705,0.7105,-0.01,25.68
2022-05-04,25194080.0,0.7104,0.7264,0.7085,0.7253,-0.01,36.46
2022-05-05,26670659.0,0.7253,0.7258,0.7062,0.7107,-0.01,34.02
2022-05-06,23684678.0,0.7108,0.7123,0.7063,0.7079,-0.01,38.31
2022-05-07,12229554.0,0.7079,0.7079,0.7056,0.7064,-0.01,37.44
2022-05-08,16621074.0,0.7064,0.7083,0.7053,0.706,-0.01,37.44
2022-05-09,40859714.0,0.7061,0.7061,0.692,0.6954,-0.01,33.69
2022-05-10,43655013.0,0.6954,0.6988,0.69,0.6917,-0.01,34.92
2022-05-11,75992499.0,0.6918,0.726,0.6914,0.6992,-0.01,41.43
2022-05-12,90175342.1,0.6991,0.7888,0.6925,0.6937,-0.01,39.61
2022-05-13,30638986.0,0.6937,0.6989,0.6875,0.6938,-0.01,42.76
2022-05-14,14233797.0,0.6938,0.6953,0.6914,0.6932,-0.01,43.39
2022-05-15,11452167.0,0.6931,0.6956,0.6928,0.695,-0.01,41.19
2022-05-16,16551740.0,0.6951,0.6987,0.6887,0.6983,-0.01,45.39
2022-05-17,14526860.0,0.6983,0.7042,0.6981,0.7036,-0.01,45.24
2022-05-18,17806597.0,0.7036,0.7051,0.6958,0.6971,-0.01,28.04
2022-05-19,18488496.0,0.697,0.707,0.697,0.7037,-0.01,43.77
2022-05-20,16832193.0,0.7038,0.7077,0.7008,0.7041,-0.01,46.47
2022-05-21,6537450.0,0.7041,0.7053,0.7027,0.7045,-0.0,48.2
2022-05-22,8185022.0,0.7045,0.707,0.704,0.7067,-0.0,50.64
2022-05-23,20075841.0,0.7067,0.7121,0.7065,0.7089,-0.0,64.64
2022-05-24,9196527.0,0.7089,0.7122,0.7065,0.7095,-0.0,70.7
2022-05-25,12661645.0,0.7096,0.7127,0.7042,0.7099,-0.0,64.9
2022-05-26,14849711.0,0.7099,0.7118,0.7059,0.7107,-0.0,77.24
2022-05-27,15227192.0,0.7106,0.7163,0.7097,0.7158,-0.0,80.39
2022-05-28,10191173.0,0.7158,0.7175,0.7142,0.7148,0.0,79.51
2022-05-29,6032048.0,0.7148,0.7168,0.7146,0.7165,0.0,79.45
2022-05-30,14712463.0,0.7166,0.7206,0.7162,0.7196,0.0,79.34
2022-05-31,15115244.0,0.7195,0.725,0.7156,0.7184,0.0,72.98
2022-06-01,13662082.0,0.7185,0.7233,0.7164,0.717,0.0,86.72
2022-06-02,15239010.0,0.717,0.7271,0.7145,0.7268,0.0,88.12
2022-06-03,12255088.0,0.7267,0.7283,0.7208,0.7215,0.0,74.72
2022-06-04,11353966.0,0.7215,0.7218,0.689,0.721,0.0,73.37
2022-06-05,9685652.0,0.7209,0.7224,0.7192,0.7214,0.0,71.94
2022-06-06,14236930.0,0.7213,0.7237,0.7194,0.7196,0.0,66.16
2022-06-07,19662511.0,0.7195,0.7268,0.7164,0.7226,0.0,68.45
2022-06-08,12811798.0,0.7227,0.7236,0.7181,0.7187,0.0,61.28
2022-06-09,17630737.0,0.7188,0.7205,0.71,0.7108,0.0,50.11
2022-06-10,19420191.0,0.7108,0.7149,0.705,0.7059,0.0,39.22
2022-06-11,14278636.0,0.7059,0.7065,0.7031,0.7034,0.0,37.97
2022-06-12,17582929.0,0.7033,0.7065,0.7021,0.7025,-0.0,34.98
2022-06-13,33735694.0,0.7025,0.7066,0.6932,0.6951,-0.0,25.93
2022-06-14,26959277.0,0.6951,0.6987,0.6875,0.6892,-0.0,23.74
2022-06-15,35032926.0,0.6892,0.7072,0.6891,0.7061,-0.0,42.33
2022-06-16,28429130.0,0.7053,0.709,0.6962,0.7049,-0.0,32.48
2022-06-17,15276622.0,0.7049,0.7052,0.6928,0.6946,-0.0,30.07
2022-06-18,19330559.0,0.6947,0.6957,0.689,0.6909,-0.0,28.71
2022-06-19,15347310.0,0.6909,0.6972,0.6908,0.6972,-0.0,34.2
2022-06-20,17636001.0,0.6971,0.7012,0.6943,0.6983,-0.0,35.97
2022-06-21,16821181.0,0.6983,0.6998,0.6939,0.697,-0.0,32.75
2022-06-22,14171758.0,0.697,0.6971,0.6891,0.6914,-0.0,32.02
2022-06-23,15392115.0,0.6913,0.6933,0.6881,0.6907,-0.01,35.37
2022-06-24,18799732.0,0.6908,0.6954,0.6895,0.6944,-0.01,41.48
2022-06-25,10541747.0,0.6944,0.6955,0.6932,0.6944,-0.0,43.08
2022-06-26,9180358.0,0.6945,0.6956,0.6925,0.6941,-0.0,43.48
2022-06-27,15605068.0,0.6942,0.6954,0.6916,0.693,-0.0,48.19
2022-06-28,13308701.0,0.693,0.6975,0.6911,0.6914,-0.0,52.04
2022-06-29,15406361.0,0.6914,0.6944,0.6877,0.6896,-0.0,28.68
2022-06-30,20884467.0,0.6894,0.6936,0.6874,0.6891,-0.0,29.21
2022-07-01,13698007.0,0.6891,0.6908,0.6791,0.6824,-0.01,32.27
2022-07-02,7174078.0,0.6824,0.6865,0.6821,0.6833,-0.01,37.97
2022-07-03,5839479.0,0.6833,0.6842,0.6817,0.6828,-0.01,22.09
2022-07-04,12013256.0,0.6828,0.6917,0.6817,0.689,-0.01,34.95
2022-07-05,11839130.0,0.6889,0.691,0.6775,0.6841,-0.01,31.3
2022-07-06,12926794.0,0.6817,0.686,0.6788,0.68,-0.01,32.73
2022-07-07,12685362.0,0.68,0.6871,0.68,0.6856,-0.01,43.27
2022-07-08,12304437.0,0.6857,0.6882,0.6809,0.6867,-0.01,39.09
2022-07-09,5625054.0,0.6868,0.6874,0.6852,0.6856,-0.0,37.91
2022-07-10,5629282.0,0.6856,0.6863,0.6842,0.6855,-0.0,38.12
2022-07-11,19829681.0,0.6855,0.6856,0.6734,0.675,-0.01,30.26
2022-07-12,18126933.0,0.675,0.6787,0.6718,0.6755,-0.01,32.13
2022-07-13,18659576.0,0.6754,0.6806,0.6731,0.6742,-0.01,32.5
2022-07-14,15497060.0,0.6743,0.6791,0.6694,0.6762,-0.01,35.82
2022-07-15,12059984.0,0.6763,0.681,0.6724,0.6794,-0.01,46.43
2022-07-16,8895902.0,0.6794,0.6796,0.6778,0.6784,-0.01,44.18
2022-07-17,9675882.0,0.6784,0.6831,0.6772,0.6818,-0.0,48.89
2022-07-18,18454104.0,0.6819,0.6858,0.6794,0.6813,-0.0,40.2
2022-07-19,18998001.0,0.6813,0.6905,0.6801,0.6896,-0.0,56.44
2022-07-20,19580830.0,0.6895,0.6926,0.6872,0.6882,-0.0,60.25
2022-07-21,17369318.0,0.6882,0.6933,0.6858,0.6922,-0.0,58.59
2022-07-22,17092038.0,0.6922,0.6969,0.689,0.6907,-0.0,55.15
2022-07-23,8155824.0,0.6907,0.692,0.6906,0.6918,-0.0,57.99
2022-07-24,9138258.0,0.6918,0.6928,0.6903,0.691,-0.0,56.96
2022-07-25,17122944.0,0.6909,0.6958,0.6886,0.6937,0.0,79.5
2022-07-26,16989652.0,0.6937,0.6978,0.6917,0.6938,0.0,79.23
2022-07-27,18962366.0,0.6937,0.7,0.6906,0.6985,0.0,85.01
2022-07-28,17042874.0,0.6986,0.7001,0.6954,0.699,0.0,84.34
2022-07-29,17320104.0,0.699,0.7021,0.6913,0.6985,0.0,81.31
2022-07-30,10398966.0,0.6984,0.6985,0.6967,0.6977,0.0,81.85
2022-07-31,9970923.0,0.6977,0.698,0.6954,0.6956,0.0,73.79
2022-08-01,14275134.0,0.6956,0.7037,0.6956,0.7016,0.0,79.42
2022-08-02,16303132.0,0.7016,0.7022,0.6887,0.6888,0.0,48.97
2022-08-03,16502613.0,0.6888,0.6949,0.6883,0.6931,0.0,55.85
2022-08-04,15437689.0,0.693,0.6984,0.693,0.6954,0.0,53.98
2022-08-05,16997874.0,0.6953,0.6973,0.6871,0.6909,0.0,50.23
2022-08-06,7132985.0,0.691,0.6916,0.6902,0.6905,0.0,48.47
2022-08-07,11452193.0,0.6905,0.6948,0.6897,0.69,0.0,48.82
2022-08-08,13888844.0,0.6901,0.6997,0.6897,0.6985,0.0,55.0
2022-08-09,14264210.0,0.6985,0.699,0.6947,0.6952,0.0,51.37
2022-08-10,21449938.0,0.6952,0.7095,0.6941,0.7074,0.0,57.58
2022-08-11,19226527.0,0.7074,0.7126,0.7056,0.7091,0.0,58.43
2022-08-12,16586103.0,0.7091,0.7125,0.707,0.7112,0.0,60.33
2022-08-13,10294631.0,0.7111,0.7126,0.71,0.7111,0.0,61.02
2022-08-14,8835413.0,0.7111,0.7119,0.7099,0.7111,0.01,63.2
2022-08-15,17933132.0,0.7111,0.7113,0.7003,0.7012,0.0,49.68
2022-08-16,16290953.0,0.7012,0.7032,0.6982,0.7014,0.0,62.6
2022-08-17,16678800.0,0.7013,0.7027,0.6905,0.6921,0.0,49.09
2022-08-18,14352152.0,0.6921,0.696,0.6892,0.6902,0.0,45.24
2022-08-19,20770762.0,0.6902,0.6911,0.6852,0.6855,0.0,45.07
2022-08-20,10650578.0,0.6855,0.6867,0.685,0.6861,-0.0,46.0
2022-08-21,7780143.0,0.6861,0.6877,0.6856,0.6872,-0.0,47.48
2022-08-22,16817431.0,0.6872,0.6919,0.6859,0.6869,-0.0,37.76
2022-08-23,17990643.0,0.6869,0.6957,0.6842,0.6913,-0.0,45.98
2022-08-24,17931019.0,0.6914,0.695,0.6876,0.69,-0.0,26.86
2022-08-25,16726103.0,0.69,0.6998,0.6894,0.6956,-0.0,33.73
2022-08-26,19292374.0,0.6957,0.6997,0.6873,0.6876,-0.0,25.11
2022-08-27,11071304.0,0.6876,0.6896,0.6866,0.6874,-0.0,25.05
2022-08-28,9090965.0,0.6874,0.6896,0.6851,0.6853,-0.0,23.99
2022-08-29,17029454.0,0.6852,0.6911,0.6831,0.69,-0.0,37.39
2022-08-30,17695228.0,0.69,0.6947,0.6837,0.6846,-0.0,33.06
2022-08-31,17162782.0,0.6846,0.6894,0.682,0.6822,-0.0,38.41
2022-09-01,17919517.0,0.6822,0.684,0.6766,0.6791,-0.0,37.36
2022-09-02,12040699.0,0.6791,0.6848,0.6776,0.6798,-0.0,42.86
2022-09-03,4022588.0,0.6798,0.6806,0.6787,0.6787,-0.0,40.84
2022-09-04,6448216.0,0.6787,0.6801,0.6771,0.6787,-0.0,39.19
2022-09-05,14995797.0,0.6788,0.6821,0.6765,0.6819,-0.0,44.08
2022-09-06,20394545.0,0.6816,0.6838,0.6718,0.6733,-0.0,30.6
2022-09-07,22388756.0,0.6732,0.6798,0.6694,0.6752,-0.0,34.26
2022-09-08,19462506.0,0.6751,0.6787,0.6713,0.6765,-0.0,27.63
2022-09-09,23745604.0,0.6765,0.6936,0.6763,0.6843,-0.0,46.12
2022-09-10,11197524.0,0.6844,0.6845,0.6828,0.683,-0.0,44.95
2022-09-11,8897710.0,0.6831,0.6847,0.6812,0.6839,-0.0,48.35
2022-09-12,17796981.0,0.6839,0.6895,0.6821,0.6893,-0.0,49.19
2022-09-13,21562211.0,0.6893,0.6927,0.6723,0.6741,-0.0,40.08
2022-09-14,18591208.0,0.6742,0.6783,0.6705,0.6744,-0.0,42.32
2022-09-15,18851345.0,0.6744,0.6771,0.6682,0.6683,-0.0,39.96
2022-09-16,18333143.0,0.6684,0.6722,0.6668,0.6712,-0.0,42.32
2022-09-17,7241133.0,0.6712,0.6721,0.6703,0.6708,-0.0,42.86
2022-09-18,9224108.0,0.6708,0.6726,0.6696,0.6722,-0.0,44.27
2022-09-19,17979585.0,0.6723,0.6728,0.6666,0.6724,-0.0,41.15
2022-09-20,15492099.0,0.6725,0.6739,0.6673,0.6693,-0.0,45.85
2022-09-21,18760006.0,0.6693,0.6702,0.6605,0.6607,-0.01,36.79
2022-09-22,16945166.0,0.6607,0.6667,0.6573,0.6641,-0.01,39.12
2022-09-23,17083863.0,0.6642,0.6652,0.652,0.6529,-0.01,24.01
2022-09-24,7891163.0,0.6528,0.6533,0.6521,0.6524,-0.01,24.33
2022-09-25,7180658.0,0.6524,0.6538,0.6507,0.6533,-0.01,24.33
2022-09-26,21169973.0,0.6533,0.6541,0.644,0.6472,-0.01,15.09
2022-09-27,19245108.0,0.6474,0.6516,0.6416,0.6441,-0.01,18.88
2022-09-28,22851962.4,0.6441,0.656,0.6361,0.6508,-0.01,28.39
2022-09-29,19838662.0,0.6508,0.6516,0.644,0.6508,-0.01,31.96
2022-09-30,17870199.0,0.6508,0.652,0.6393,0.6396,-0.01,22.18
2022-10-01,5886737.0,0.6397,0.6404,0.6391,0.6396,-0.01,22.34
2022-10-02,7315456.0,0.6395,0.6428,0.6388,0.6418,-0.01,23.43
2022-10-03,14570489.0,0.6418,0.6539,0.6413,0.6506,-0.01,33.43
2022-10-04,18855806.0,0.6506,0.6544,0.6453,0.6511,-0.01,35.6
2022-10-05,16966256.0,0.6511,0.6533,0.642,0.6515,-0.01,41.64
2022-10-06,20516949.0,0.6515,0.6538,0.6398,0.6415,-0.01,31.66
2022-10-07,18025202.0,0.6415,0.6433,0.6363,0.6372,-0.01,35.65
2022-10-08,7669681.0,0.6372,0.6383,0.6358,0.6362,-0.01,35.33
2022-10-09,12425800.0,0.6362,0.6534,0.6352,0.6374,-0.01,35.68
2022-10-10,17810859.0,0.6374,0.65,0.6281,0.6298,-0.01,34.74
2022-10-11,16027489.0,0.6298,0.635,0.625,0.627,-0.01,34.92
2022-10-12,14856003.0,0.627,0.6299,0.6244,0.6279,-0.01,27.5
2022-10-13,26426356.0,0.628,0.6311,0.6171,0.6295,-0.01,29.71
2022-10-14,14558194.0,0.6295,0.6341,0.6194,0.6196,-0.01,30.47
2022-10-15,5397664.0,0.6196,0.6206,0.619,0.6194,-0.01,30.35
2022-10-16,6651019.0,0.6194,0.6231,0.6186,0.6228,-0.01,31.94
2022-10-17,15163967.0,0.6228,0.6311,0.6216,0.6296,-0.01,29.25
2022-10-18,20711056.0,0.6297,0.634,0.6268,0.6316,-0.01,31.29
2022-10-19,14551621.0,0.6315,0.632,0.6252,0.6263,-0.01,27.89
2022-10-20,17270816.0,0.6263,0.635,0.6228,0.6274,-0.01,35.34
2022-10-21,29151384.0,0.6274,0.6387,0.6211,0.6369,-0.01,49.72
2022-10-22,8121141.0,0.6369,0.6375,0.6352,0.636,-0.01,49.81
2022-10-23,10751524.0,0.636,0.6418,0.6314,0.6368,-0.01,49.43
2022-10-24,20477745.0,0.6369,0.637,0.6272,0.6325,-0.0,52.73
2022-10-25,17929281.0,0.6326,0.642,0.6301,0.6377,-0.0,60.31
2022-10-26,21034508.0,0.6378,0.6505,0.6366,0.6485,-0.0,66.67
2022-10-27,22442161.0,0.6485,0.6515,0.6425,0.6446,-0.0,61.78
2022-10-28,15748572.0,0.6445,0.6512,0.6387,0.6407,-0.0,68.16
2022-10-29,13020708.0,0.6408,0.6453,0.6401,0.6411,-0.0,68.61
2022-10-30,12082410.0,0.6411,0.6422,0.6395,0.6399,-0.0,65.24
2022-10-31,16846887.0,0.6399,0.6423,0.6365,0.6406,-0.0,61.0
2022-11-01,21610452.0,0.6406,0.6459,0.6374,0.639,-0.0,57.46
2022-11-02,28614299.0,0.6391,0.6485,0.625,0.6336,-0.0,57.34
2022-11-03,19423975.0,0.6336,0.6374,0.6269,0.6284,-0.0,50.93
2022-11-04,22564192.0,0.6284,0.6476,0.6282,0.6457,-0.0,57.14
2022-11-05,11819794.0,0.6457,0.6475,0.6431,0.6456,0.0,57.89
2022-11-06,11760179.0,0.6458,0.6467,0.6418,0.6436,0.0,55.48
2022-11-07,19284738.0,0.6436,0.6483,0.6405,0.647,0.0,61.87
2022-11-08,36825687.0,0.647,0.655,0.6412,0.6484,0.0,59.34
2022-11-09,54811976.0,0.6485,0.6516,0.6411,0.6419,0.0,43.77
2022-11-10,50965416.0,0.642,0.6642,0.6407,0.6615,0.0,62.3
2022-11-11,38956601.0,0.6614,0.6826,0.6589,0.6711,0.0,70.43
2022-11-12,13289937.0,0.6709,0.676,0.6708,0.6745,0.01,71.58
2022-11-13,18753248.0,0.6747,0.6845,0.6686,0.6731,0.01,71.39
2022-11-14,32481197.0,0.673,0.6784,0.6676,0.6705,0.01,68.81
2022-11-15,21299894.0,0.6705,0.6803,0.6698,0.6787,0.01,73.05
2022-11-16,22100863.0,0.6787,0.6796,0.6724,0.6746,0.01,74.17
2022-11-17,17651355.0,0.6747,0.6777,0.6637,0.6702,0.01,74.88
2022-11-18,15039561.0,0.6704,0.6749,0.667,0.6684,0.01,66.57
2022-11-19,6458203.0,0.6686,0.6703,0.6671,0.6675,0.01,65.8
2022-11-20,8909778.0,0.6675,0.6698,0.6665,0.6688,0.01,68.37
2022-11-21,20917210.0,0.6689,0.6701,0.66,0.6613,0.01,59.83
2022-11-22,20491532.0,0.6614,0.6699,0.661,0.6658,0.01,61.48
2022-11-23,16827968.0,0.6657,0.6748,0.6641,0.6746,0.01,70.93
2022-11-24,16815798.0,0.6747,0.6776,0.6733,0.6766,0.01,62.48
2022-11-25,16466894.0,0.6766,0.6777,0.671,0.6743,0.01,53.01
2022-11-26,9701712.0,0.6743,0.6755,0.6732,0.6746,0.01,50.1
2022-11-27,7734301.0,0.6746,0.6756,0.6704,0.6704,0.01,47.45
2022-11-28,16823372.0,0.6705,0.6717,0.6639,0.6647,0.01,44.82
2022-11-29,19400084.0,0.6646,0.6737,0.6633,0.6674,0.01,38.81
2022-11-30,17111765.0,0.6674,0.6792,0.667,0.6789,0.01,53.71
2022-12-01,14324954.0,0.6789,0.6829,0.6765,0.6802,0.01,59.12
2022-12-02,12059219.0,0.6802,0.6815,0.6733,0.6783,0.01,59.02
2022-12-03,11590598.0,0.6783,0.6839,0.6755,0.6783,0.01,60.0
2022-12-04,9144729.0,0.6783,0.6834,0.6773,0.6805,0.01,60.66
2022-12-05,18093728.0,0.6806,0.6848,0.6698,0.6711,0.01,58.63
2022-12-06,13804925.0,0.6711,0.675,0.6686,0.671,0.0,54.96
2022-12-07,16230575.0,0.671,0.6743,0.6667,0.673,0.0,48.25
2022-12-08,12602381.0,0.6729,0.6779,0.6706,0.6776,0.0,51.04
2022-12-09,16147811.0,0.6776,0.6814,0.6754,0.6785,0.0,54.49
2022-12-10,6387340.0,0.6785,0.6793,0.6776,0.678,0.0,53.62
2022-12-11,6005300.0,0.678,0.6799,0.677,0.6784,0.0,59.26
2022-12-12,15066101.0,0.6784,0.6795,0.6743,0.6776,0.0,66.84
2022-12-13,17549098.0,0.6776,0.6927,0.6747,0.6874,0.0,72.03
2022-12-14,15147377.0,0.6874,0.6911,0.682,0.6876,0.0,62.76
2022-12-15,12159473.0,0.6876,0.6881,0.6697,0.6725,0.0,41.96
2022-12-16,12764717.0,0.6725,0.674,0.6675,0.6683,0.0,40.04
2022-12-17,6952849.0,0.6683,0.671,0.6675,0.6709,0.0,42.99
2022-12-18,6527747.0,0.6709,0.6721,0.6692,0.6698,0.0,39.65
2022-12-19,12077951.0,0.6698,0.6731,0.6694,0.6705,0.0,49.3
2022-12-20,17295134.0,0.6706,0.6746,0.6632,0.6689,0.0,47.64
2022-12-21,11957290.0,0.6689,0.6729,0.666,0.6716,0.0,48.45
2022-12-22,13440023.0,0.6716,0.6811,0.6653,0.6681,0.0,39.23
2022-12-23,11481278.0,0.6681,0.6735,0.6671,0.6713,-0.0,42.24
2022-12-24,5279756.0,0.6713,0.6718,0.6698,0.67,-0.0,41.53
2022-12-25,3979322.0,0.67,0.6704,0.6688,0.6692,-0.0,40.34
2022-12-26,6876244.0,0.6692,0.6757,0.6679,0.675,-0.0,47.53
2022-12-27,8000458.0,0.6749,0.6768,0.672,0.6723,-0.0,33.41
2022-12-28,10188339.0,0.6723,0.6787,0.6717,0.6736,0.0,34.98
2022-12-29,9409460.0,0.6737,0.6777,0.6702,0.6758,0.0,54.9
2022-12-30,13711081.0,0.6758,0.6866,0.6749,0.6812,0.0,68.48
2022-12-31,4708604.0,0.6812,0.6813,0.6791,0.6796,0.0,62.83
2023-01-01,4181527.0,0.6796,0.6812,0.679,0.6807,0.0,66.08
2023-01-02,7798996.0,0.6808,0.6815,0.6788,0.6809,0.0,65.57
2023-01-03,13479441.0,0.681,0.6888,0.6693,0.6733,0.0,55.58
2023-01-04,15937256.0,0.6733,0.6892,0.6731,0.6839,0.0,63.0
2023-01-05,11276145.0,0.6839,0.6855,0.675,0.6766,0.0,58.32
2023-01-06,11096628.0,0.6767,0.6894,0.6731,0.687,0.0,63.46
2023-01-07,6455193.0,0.687,0.6872,0.6835,0.6857,0.0,63.46
2023-01-08,7640697.0,0.6857,0.6905,0.6833,0.6902,0.0,66.94
2023-01-09,13209087.0,0.69,0.6958,0.688,0.692,0.0,64.66
2023-01-10,11068171.0,0.692,0.6938,0.6863,0.6895,0.0,64.88
2023-01-11,11703718.0,0.6895,0.6933,0.6877,0.6918,0.0,65.48
2023-01-12,17329696.0,0.6918,0.6982,0.689,0.6958,0.01,66.5
2023-01-13,11563592.0,0.696,0.6995,0.692,0.6969,0.01,63.94
2023-01-14,11073073.0,0.6969,0.6989,0.6954,0.6965,0.01,65.34
2023-01-15,7555074.0,0.6965,0.699,0.696,0.6969,0.01,64.89
2023-01-16,17436919.0,0.6969,0.7028,0.6938,0.6969,0.01,64.76
2023-01-17,11586490.0,0.6971,0.7,0.6935,0.6998,0.01,76.77
2023-01-18,15051748.0,0.6996,0.7065,0.694,0.6948,0.01,62.41
2023-01-19,10962998.0,0.6947,0.6959,0.6879,0.6925,0.01,70.44
2023-01-20,12630943.0,0.6925,0.6982,0.691,0.6954,0.01,63.38
2023-01-21,8664203.0,0.6952,0.6963,0.6931,0.6946,0.0,64.4
2023-01-22,5461227.0,0.6944,0.6977,0.6926,0.6974,0.0,62.33
2023-01-23,11585837.0,0.6974,0.7025,0.6952,0.7019,0.01,65.52
2023-01-24,11711084.0,0.7019,0.7052,0.6986,0.7034,0.01,72.49
2023-01-25,10964510.0,0.7033,0.7099,0.7028,0.709,0.01,75.15
2023-01-26,10044649.0,0.7091,0.712,0.7066,0.7101,0.01,72.84
2023-01-27,11268029.0,0.71,0.7121,0.7069,0.71,0.01,71.62
2023-01-28,7021119.0,0.7101,0.712,0.7095,0.7117,0.01,74.05
2023-01-29,8033120.0,0.7118,0.7122,0.7089,0.71,0.01,69.91
2023-01-30,13813630.0,0.71,0.7114,0.69,0.7043,0.01,59.59
2023-01-31,12974624.0,0.7042,0.7055,0.6969,0.7034,0.01,54.92
2023-02-01,15220315.0,0.7034,0.7149,0.7019,0.7136,0.01,72.49
2023-02-02,12770838.0,0.7137,0.715,0.7058,0.706,0.01,64.33
2023-02-03,11146003.0,0.706,0.7071,0.6922,0.6925,0.0,47.49
2023-02-04,7024990.0,0.6925,0.6951,0.691,0.692,0.0,47.74
2023-02-05,7605721.0,0.692,0.693,0.6876,0.6908,0.0,44.09
2023-02-06,9371475.0,0.6908,0.695,0.6865,0.6894,0.0,38.14
2023-02-07,10169084.0,0.6893,0.6996,0.6893,0.6964,0.0,43.99
2023-02-08,12417801.0,0.6964,0.706,0.692,0.6931,0.0,35.78
2023-02-09,11549456.0,0.6932,0.6994,0.6914,0.6924,-0.0,34.05
2023-02-10,10083448.0,0.6924,0.6958,0.6891,0.6895,-0.0,32.42
2023-02-11,6508026.0,0.6897,0.6934,0.6885,0.689,-0.0,30.12
2023-02-12,5920568.0,0.689,0.6911,0.6887,0.691,-0.0,33.45
2023-02-13,14126253.0,0.691,0.6969,0.6891,0.6965,-0.0,43.18
2023-02-14,12009593.0,0.6965,0.7007,0.6917,0.6979,-0.0,45.23
2023-02-15,16281886.0,0.6981,0.6981,0.6869,0.6916,-0.0,29.55
2023-02-16,15833310.0,0.6917,0.696,0.6858,0.6874,-0.0,31.55
2023-02-17,11523447.0,0.6874,0.6898,0.6812,0.6878,-0.0,43.7
2023-02-18,7497394.0,0.6878,0.6884,0.6846,0.6854,-0.0,41.58
2023-02-19,7852587.0,0.6854,0.6869,0.6842,0.6863,-0.0,44.22
2023-02-20,11075147.0,0.6863,0.6936,0.6856,0.6919,-0.0,52.9
2023-02-21,14917137.0,0.692,0.693,0.6841,0.6869,-0.0,38.44
2023-02-22,13710071.0,0.6869,0.687,0.6798,0.6814,-0.0,36.49
2023-02-23,12914140.0,0.6814,0.6843,0.6781,0.6805,-0.0,36.32
2023-02-24,13940185.0,0.6805,0.6829,0.6718,0.6722,-0.0,32.31
2023-02-25,7857287.0,0.6722,0.6739,0.6705,0.6713,-0.01,32.05
2023-02-26,6628099.0,0.6713,0.675,0.6711,0.6748,-0.01,34.06
2023-02-27,12629943.0,0.6748,0.6765,0.6701,0.6756,-0.01,27.33
2023-02-28,12373159.0,0.6755,0.6763,0.6701,0.6733,-0.01,23.83
2023-03-01,12128062.0,0.6732,0.6782,0.6706,0.6764,-0.01,32.65
2023-03-02,10934819.0,0.6764,0.6781,0.6714,0.6752,-0.01,35.05
2023-03-03,13678962.0,0.6752,0.6779,0.6733,0.6773,-0.01,37.65
2023-03-04,7088616.0,0.6772,0.6774,0.672,0.6741,-0.01,36.95
2023-03-05,6246974.0,0.6741,0.6764,0.6718,0.6762,-0.0,38.65
2023-03-06,7726285.0,0.6762,0.6772,0.6723,0.6737,-0.0,28.02
2023-03-07,15729294.0,0.6737,0.6753,0.6596,0.6611,-0.01,23.67
2023-03-08,15701315.0,0.661,0.6654,0.6583,0.6611,-0.01,26.67
2023-03-09,16089387.0,0.661,0.6644,0.6579,0.6592,-0.01,26.07
2023-03-10,20252753.0,0.6593,0.6641,0.6565,0.6571,-0.01,30.29
2023-03-11,22908082.0,0.6571,0.6669,0.6524,0.6622,-0.01,39.29
2023-03-12,17413785.0,0.6623,0.6766,0.6561,0.6635,-0.01,35.98
2023-03-13,22197272.0,0.6632,0.6777,0.6587,0.6721,-0.01,46.36
2023-03-14,20242809.0,0.6721,0.6763,0.6605,0.6728,-0.01,49.46
2023-03-15,15990943.0,0.6727,0.6765,0.66,0.6612,-0.01,36.18
2023-03-16,14085154.0,0.6611,0.6699,0.661,0.6667,-0.01,42.83
2023-03-17,17686922.0,0.6667,0.671,0.6653,0.6682,-0.0,42.25
2023-03-18,10683950.0,0.6682,0.673,0.6663,0.6702,-0.0,46.61
2023-03-19,9848495.0,0.6702,0.6704,0.6661,0.6692,-0.0,43.79
2023-03-20,15567170.0,0.6692,0.672,0.6653,0.671,-0.0,47.58
2023-03-21,14204424.0,0.671,0.6717,0.6648,0.6665,-0.0,55.67
2023-03-22,16306224.0,0.6666,0.6744,0.6648,0.6679,-0.0,56.94
2023-03-23,15974813.0,0.6679,0.6744,0.6671,0.6686,-0.0,59.83
2023-03-24,14236014.0,0.6686,0.6731,0.6632,0.664,-0.0,56.86
2023-03-25,8434388.0,0.664,0.6649,0.662,0.6626,-0.0,50.43
2023-03-26,8495056.0,0.6627,0.666,0.6617,0.6655,-0.0,52.07
2023-03-27,13271187.0,0.6654,0.6672,0.6639,0.6661,-0.0,42.54
2023-03-28,13480840.0,0.6662,0.6726,0.6657,0.6711,-0.0,48.09
2023-03-29,14856971.0,0.6711,0.6722,0.6694,0.6704,-0.0,63.69
2023-03-30,15592044.0,0.6703,0.6733,0.6692,0.6722,-0.0,59.2
2023-03-31,11839423.0,0.6723,0.674,0.6677,0.669,-0.0,51.27
2023-04-01,9748702.0,0.669,0.6721,0.6677,0.6683,-0.0,46.86
2023-04-02,9733912.0,0.6684,0.6697,0.6647,0.6663,-0.0,45.37
2023-04-03,17928596.0,0.6663,0.6799,0.6657,0.6795,-0.0,59.95
2023-04-04,14638653.0,0.6795,0.6798,0.6732,0.6763,0.0,61.84
2023-04-05,13906353.0,0.6763,0.679,0.67,0.6722,0.0,54.88
2023-04-06,13097796.0,0.6722,0.6726,0.667,0.6676,0.0,48.96
2023-04-07,9773133.0,0.6676,0.6704,0.6654,0.6676,-0.0,54.15
2023-04-08,7472412.0,0.6676,0.6694,0.6663,0.6665,-0.0,54.52
2023-04-09,6763631.0,0.6666,0.6688,0.665,0.6685,-0.0,53.55
2023-04-10,9822441.0,0.6685,0.6686,0.6627,0.6651,-0.0,48.89
2023-04-11,18558570.0,0.6652,0.6713,0.6651,0.6667,-0.0,44.71
2023-04-12,17483388.0,0.6667,0.6725,0.6656,0.6702,-0.0,49.77
2023-04-13,18180671.0,0.6702,0.6795,0.669,0.6781,0.0,55.84
2023-04-14,17969621.0,0.6781,0.68,0.6696,0.6709,0.0,51.74
2023-04-15,8509795.0,0.6709,0.6723,0.6689,0.6699,0.0,51.46
2023-04-16,9191549.0,0.6699,0.6721,0.6673,0.6706,0.0,54.02
2023-04-17,13996847.0,0.6706,0.6729,0.6688,0.6702,0.0,38.57
2023-04-18,16000432.0,0.6702,0.6752,0.6699,0.6741,0.0,47.34
2023-04-19,20162690.0,0.6741,0.6755,0.6692,0.6704,0.0,47.8
2023-04-20,17044617.0,0.6703,0.6773,0.6696,0.6749,0.0,58.92
2023-04-21,14771897.0,0.6749,0.675,0.6674,0.668,0.0,50.42
2023-04-22,6634333.0,0.668,0.6682,0.664,0.665,-0.0,48.49
2023-04-23,6958973.0,0.665,0.668,0.664,0.6667,-0.0,48.18
2023-04-24,16494853.0,0.6667,0.6709,0.6655,0.6707,-0.0,55.6
2023-04-25,11105012.0,0.6707,0.6711,0.6631,0.6647,-0.0,48.16
2023-04-26,17354111.0,0.6647,0.666,0.6605,0.6622,-0.0,42.51
2023-04-27,13265620.0,0.6622,0.666,0.6608,0.6637,-0.0,34.68
2023-04-28,12195935.0,0.6637,0.665,0.6587,0.6612,-0.0,38.53
2023-04-29,7308540.0,0.6612,0.6622,0.6589,0.6607,-0.0,39.0
2023-04-30,10836336.0,0.6608,0.6628,0.6595,0.662,-0.0,39.86
2023-05-01,18282231.0,0.6619,0.6665,0.6612,0.6624,-0.0,40.8
2023-05-02,17130077.0,0.6623,0.6729,0.6623,0.6665,-0.0,41.08
2023-05-03,12485767.0,0.6665,0.67,0.6649,0.6652,-0.0,43.53
2023-05-04,12324697.0,0.6652,0.6706,0.6651,0.6702,-0.0,44.23
2023-05-05,14256621.0,0.6701,0.6754,0.6683,0.6729,-0.0,56.71
2023-05-06,10082889.0,0.6729,0.6753,0.6693,0.67,-0.0,56.87
2023-05-07,6419491.0,0.6702,0.6736,0.6692,0.6723,0.0,57.57
2023-05-08,16203608.0,0.6723,0.6789,0.6716,0.6764,0.0,57.68
2023-05-09,13824542.0,0.6763,0.678,0.6726,0.676,0.0,67.94
2023-05-10,14830736.0,0.6761,0.68,0.6735,0.6772,0.0,74.83
2023-05-11,11570961.0,0.6772,0.6789,0.6676,0.669,0.0,57.18
2023-05-12,12810167.0,0.669,0.6708,0.6625,0.6642,0.0,53.83
2023-05-13,7877793.0,0.6642,0.6879,0.6618,0.6646,0.0,54.99
2023-05-14,6140722.0,0.6646,0.6653,0.663,0.6642,-0.0,52.88
2023-05-15,9447302.0,0.6642,0.6715,0.6634,0.6714,0.0,60.0
2023-05-16,9719206.0,0.6714,0.6726,0.6666,0.6671,-0.0,50.66
2023-05-17,10438468.0,0.6671,0.6691,0.6647,0.6674,-0.0,52.49
2023-05-18,11002709.0,0.6673,0.6897,0.6658,0.68,0.0,59.46
2023-05-19,2766415.0,0.68,0.694,0.6767,0.6907,0.0,64.88
2023-05-20,2001116.0,0.6906,0.6907,0.671,0.6808,0.0,58.08
2023-05-21,2068687.0,0.6808,0.6942,0.6804,0.694,0.0,63.96
2023-05-22,6698207.0,0.694,0.781,0.6831,0.7485,0.01,78.14
2023-05-23,4224356.0,0.7485,0.78,0.7249,0.7574,0.01,79.8
2023-05-24,4371838.0,0.7574,0.7605,0.7077,0.7237,0.02,63.75
2023-05-25,3256736.0,0.7238,0.75,0.71,0.7483,0.02,71.37
2023-05-26,3913706.0,0.7479,0.8198,0.7374,0.7898,0.02,78.26
2023-05-27,6413944.0,0.7899,1.034,0.72,0.7239,0.02,60.31
2023-05-28,3706296.0,0.7244,0.8725,0.71,0.8372,0.03,71.59
2023-05-29,4651388.0,0.8372,0.844,0.7195,0.7691,0.03,60.59
2023-05-30,7668210.0,0.7691,0.845,0.7677,0.8408,0.03,66.42
2023-05-31,6225936.0,0.8394,0.8499,0.7424,0.7606,0.03,57.65
2023-06-01,1100112.0,0.7606,0.786,0.72,0.7252,0.03,53.58
